IMG,REGION
1.png,2
2.png,2
3.png,2
4.png,2
5.png,2
6.png,2
7.png,2
8.png,2
9.png,2
10.png,2
11.png,2
12.png,2
13.png,2
14.png,2
15.png,2
16.png,2
17.png,2
18.png,2
19.png,2
20.png,2
21.png,2
22.png,2
23.png,2
24.png,2
25.png,2
26.png,2
27.png,2
28.png,2
29.png,2
30.png,2
31.png,2
32.png,2
33.png,2
34.png,2
35.png,2
36.png,2
37.png,2
38.png,2
39.png,2
40.png,2
41.png,2
42.png,2
43.png,2
44.png,2
45.png,2
46.png,2
47.png,2
48.png,2
49.png,2
50.png,2
51.png,2
52.png,2
53.png,2
54.png,2
55.png,2
56.png,2
57.png,2
58.png,2
59.png,2
60.png,2
61.png,2
62.png,2
63.png,2
64.png,2
65.png,2
66.png,2
67.png,2
68.png,2
69.png,2
70.png,2
71.png,2
72.png,2
73.png,2
74.png,2
75.png,2
76.png,2
77.png,2
78.png,2
79.png,2
80.png,2
81.png,2
82.png,2
83.png,2
84.png,2
85.png,2
86.png,2
87.png,2
88.png,2
89.png,2
90.png,2
91.png,2
92.png,0
93.png,2
94.png,2
95.png,2
96.png,2
97.png,2
98.png,2
99.png,2
100.png,2
101.png,2
102.png,2
103.png,2
104.png,2
105.png,2
106.png,2
107.png,2
108.png,2
109.png,2
110.png,2
111.png,2
112.png,2
113.png,2
114.png,2
115.png,2
116.png,2
117.png,2
118.png,2
119.png,2
120.png,2
121.png,2
122.png,2
123.png,2
124.png,2
125.png,2
126.png,2
127.png,2
128.png,2
129.png,2
130.png,2
131.png,2
132.png,2
133.png,2
134.png,2
135.png,2
136.png,2
137.png,2
138.png,2
139.png,2
140.png,2
141.png,2
142.png,2
143.png,2
144.png,2
145.png,2
146.png,2
147.png,2
148.png,2
149.png,2
150.png,2
151.png,2
152.png,2
153.png,2
154.png,2
155.png,2
156.png,2
157.png,2
158.png,2
159.png,2
160.png,2
161.png,2
162.png,2
163.png,2
164.png,2
165.png,2
166.png,2
167.png,2
168.png,2
169.png,2
170.png,2
171.png,2
172.png,2
173.png,2
174.png,2
175.png,2
176.png,2
177.png,2
178.png,2
179.png,2
180.png,2
181.png,2
182.png,2
183.png,2
184.png,2
185.png,2
186.png,2
187.png,2
188.png,2
189.png,2
190.png,2
191.png,2
192.png,2
193.png,2
194.png,2
195.png,2
196.png,2
197.png,2
198.png,2
199.png,0
200.png,0
201.png,0
202.png,0
203.png,0
204.png,0
205.png,0
206.png,0
207.png,0
208.png,0
209.png,0
210.png,0
211.png,0
212.png,0
213.png,0
214.png,0
215.png,2
216.png,2
217.png,2
218.png,2
219.png,2
220.png,2
221.png,2
222.png,2
223.png,2
224.png,2
225.png,2
226.png,2
227.png,2
228.png,2
229.png,2
230.png,2
231.png,2
232.png,2
233.png,2
234.png,2
235.png,2
236.png,2
237.png,2
238.png,2
239.png,2
240.png,2
241.png,2
242.png,2
243.png,2
244.png,2
245.png,2
246.png,2
247.png,2
248.png,2
249.png,2
250.png,2
251.png,2
252.png,2
253.png,2
254.png,2
255.png,2
256.png,2
257.png,2
258.png,2
259.png,2
260.png,2
261.png,2
262.png,2
263.png,2
264.png,2
265.png,2
266.png,0
267.png,0
268.png,2
269.png,2
270.png,2
271.png,2
272.png,2
273.png,2
274.png,2
275.png,2
276.png,2
277.png,2
278.png,2
279.png,2
280.png,2
281.png,2
282.png,2
283.png,2
284.png,2
285.png,2
286.png,2
287.png,2
288.png,2
289.png,2
290.png,2
291.png,2
292.png,2
293.png,2
294.png,2
295.png,2
296.png,2
297.png,2
298.png,2
299.png,2
300.png,2
301.png,2
302.png,2
303.png,2
304.png,2
305.png,2
306.png,2
307.png,2
308.png,2
309.png,2
310.png,2
311.png,2
312.png,2
313.png,2
314.png,2
315.png,2
316.png,2
317.png,2
318.png,2
319.png,2
320.png,2
321.png,2
322.png,2
323.png,2
324.png,2
325.png,2
326.png,2
327.png,2
328.png,2
329.png,2
330.png,2
331.png,2
332.png,2
333.png,2
334.png,2
335.png,2
336.png,2
337.png,2
338.png,2
339.png,2
340.png,2
341.png,2
342.png,2
343.png,2
344.png,2
345.png,2
346.png,2
347.png,2
348.png,2
349.png,2
350.png,2
351.png,2
352.png,2
353.png,2
354.png,2
355.png,2
356.png,2
357.png,2
358.png,2
359.png,2
360.png,2
361.png,2
362.png,2
363.png,2
364.png,2
365.png,2
366.png,2
367.png,2
368.png,2
369.png,2
370.png,2
371.png,2
372.png,2
373.png,2
374.png,2
375.png,2
376.png,2
377.png,2
378.png,2
379.png,2
380.png,2
381.png,2
382.png,2
383.png,2
384.png,2
385.png,2
386.png,2
387.png,2
388.png,2
389.png,2
390.png,2
391.png,2
392.png,2
393.png,2
394.png,2
395.png,2
396.png,2
397.png,2
398.png,2
399.png,2
400.png,2
401.png,2
402.png,2
403.png,2
404.png,2
405.png,2
406.png,2
407.png,2
408.png,2
409.png,2
410.png,2
411.png,2
412.png,2
413.png,2
414.png,2
415.png,2
416.png,2
417.png,2
418.png,2
419.png,2
420.png,2
421.png,2
422.png,0
423.png,0
424.png,0
425.png,0
426.png,1
427.png,1
428.png,1
429.png,1
430.png,1
431.png,1
432.png,1
433.png,0
434.png,0
435.png,0
436.png,0
437.png,0
438.png,0
439.png,0
440.png,0
441.png,0
442.png,0
443.png,0
444.png,0
445.png,2
446.png,2
447.png,0
448.png,2
449.png,2
450.png,2
451.png,2
452.png,2
453.png,2
454.png,2
455.png,2
456.png,2
457.png,2
458.png,2
459.png,2
460.png,2
461.png,2
462.png,2
463.png,2
464.png,2
465.png,2
466.png,2
467.png,2
468.png,2
469.png,2
470.png,2
471.png,2
472.png,2
473.png,2
474.png,2
475.png,2
476.png,2
477.png,2
478.png,2
479.png,2
480.png,2
481.png,2
482.png,2
483.png,2
484.png,2
485.png,2
486.png,2
487.png,2
488.png,2
489.png,2
490.png,2
491.png,2
492.png,2
493.png,2
494.png,2
495.png,2
496.png,2
497.png,2
498.png,2
499.png,2
500.png,2
501.png,2
502.png,2
503.png,2
504.png,2
505.png,2
506.png,2
507.png,2
508.png,2
509.png,2
510.png,2
511.png,2
512.png,2
513.png,2
514.png,2
515.png,2
516.png,2
517.png,2
518.png,2
519.png,2
520.png,2
521.png,2
522.png,2
523.png,2
524.png,2
525.png,2
526.png,2
527.png,2
528.png,2
529.png,2
530.png,2
531.png,2
532.png,2
533.png,2
534.png,2
535.png,2
536.png,2
537.png,2
538.png,2
539.png,2
540.png,2
541.png,2
542.png,2
543.png,2
544.png,2
545.png,2
546.png,2
547.png,2
548.png,2
549.png,1
550.png,1
551.png,2
552.png,2
553.png,2
554.png,2
555.png,2
556.png,2
557.png,2
558.png,2
559.png,2
560.png,2
561.png,2
562.png,2
563.png,2
564.png,2
565.png,2
566.png,2
567.png,2
568.png,2
569.png,2
570.png,2
571.png,2
572.png,2
573.png,2
574.png,2
575.png,2
576.png,2
577.png,2
578.png,2
579.png,2
580.png,2
581.png,2
582.png,2
583.png,2
584.png,2
585.png,2
586.png,2
587.png,2
588.png,2
589.png,2
590.png,2
591.png,2
592.png,2
593.png,2
594.png,2
595.png,2
596.png,2
597.png,2
598.png,2
599.png,2
600.png,2
601.png,2
602.png,2
603.png,2
604.png,2
605.png,2
606.png,2
607.png,2
608.png,2
609.png,2
610.png,2
611.png,2
612.png,2
613.png,2
614.png,2
615.png,2
616.png,2
617.png,2
618.png,2
619.png,2
620.png,2
621.png,2
622.png,2
623.png,2
624.png,2
625.png,2
626.png,2
627.png,2
628.png,2
629.png,2
630.png,2
631.png,2
632.png,2
633.png,2
634.png,2
635.png,2
636.png,2
637.png,2
638.png,2
639.png,2
640.png,2
641.png,2
642.png,2
643.png,2
644.png,2
645.png,2
646.png,2
647.png,2
648.png,2
649.png,2
650.png,2
651.png,2
652.png,2
653.png,2
654.png,2
655.png,2
656.png,2
657.png,2
658.png,2
659.png,2
660.png,2
661.png,2
662.png,2
663.png,2
664.png,2
665.png,2
666.png,2
667.png,2
668.png,2
669.png,2
670.png,2
671.png,2
672.png,2
673.png,2
674.png,2
675.png,2
676.png,2
677.png,2
678.png,2
679.png,2
680.png,2
681.png,2
682.png,2
683.png,2
684.png,2
685.png,2
686.png,2
687.png,2
688.png,2
689.png,2
690.png,2
691.png,2
692.png,2
693.png,2
694.png,2
695.png,2
696.png,2
697.png,2
698.png,2
699.png,2
700.png,2
701.png,2
702.png,2
703.png,2
704.png,2
705.png,2
706.png,2
707.png,2
708.png,2
709.png,2
710.png,2
711.png,2
713.png,2
714.png,2
715.png,2
716.png,2
717.png,2
718.png,2
719.png,2
720.png,2
721.png,2
722.png,2
723.png,2
724.png,2
725.png,2
726.png,2
727.png,2
728.png,2
729.png,2
730.png,2
731.png,2
732.png,2
733.png,2
734.png,2
735.png,2
736.png,2
737.png,2
738.png,2
739.png,2
740.png,2
741.png,2
742.png,2
743.png,2
744.png,2
745.png,2
746.png,2
747.png,2
748.png,2
749.png,2
750.png,2
751.png,2
752.png,2
753.png,2
754.png,2
755.png,2
756.png,2
757.png,2
758.png,2
759.png,2
760.png,2
761.png,2
762.png,2
763.png,2
764.png,2
765.png,2
766.png,2
767.png,2
768.png,2
769.png,2
770.png,2
771.png,2
772.png,2
773.png,2
774.png,2
775.png,2
776.png,2
777.png,2
778.png,2
779.png,2
780.png,2
781.png,2
782.png,2
783.png,2
784.png,2
785.png,2
786.png,2
787.png,2
788.png,2
789.png,2
790.png,2
791.png,2
792.png,2
793.png,2
794.png,2
795.png,2
796.png,2
797.png,2
798.png,2
799.png,2
800.png,2
801.png,2
802.png,2
803.png,2
804.png,2
805.png,2
806.png,2
807.png,2
808.png,2
809.png,2
810.png,2
811.png,2
812.png,2
813.png,2
814.png,2
815.png,2
816.png,2
817.png,2
818.png,2
819.png,2
820.png,2
821.png,2
822.png,2
823.png,2
824.png,2
825.png,2
826.png,2
827.png,2
828.png,2
829.png,2
830.png,2
831.png,2
832.png,2
833.png,2
834.png,2
835.png,2
836.png,2
837.png,2
838.png,2
839.png,2
840.png,2
841.png,2
842.png,2
843.png,2
844.png,2
845.png,2
846.png,2
847.png,2
848.png,2
849.png,2
850.png,2
851.png,2
852.png,2
853.png,2
854.png,2
855.png,2
856.png,2
857.png,2
858.png,2
859.png,2
860.png,2
861.png,2
862.png,2
863.png,2
864.png,2
865.png,2
866.png,2
867.png,2
868.png,2
869.png,2
870.png,2
871.png,2
872.png,2
873.png,2
874.png,2
875.png,2
876.png,2
877.png,2
878.png,2
879.png,2
880.png,2
881.png,2
882.png,2
883.png,2
884.png,2
885.png,2
886.png,2
887.png,2
888.png,2
889.png,2
890.png,2
891.png,2
892.png,2
893.png,2
894.png,2
895.png,2
896.png,2
897.png,2
898.png,2
899.png,2
900.png,2
902.png,1
903.png,1
904.png,1
905.png,1
906.png,0
907.png,1
908.png,2
909.png,2
910.png,2
911.png,2
912.png,2
913.png,2
914.png,2
915.png,2
916.png,2
917.png,2
918.png,2
919.png,2
920.png,2
921.png,2
922.png,2
923.png,2
924.png,2
925.png,2
926.png,2
927.png,2
928.png,2
929.png,2
930.png,2
931.png,2
932.png,2
933.png,2
934.png,2
935.png,2
936.png,2
937.png,2
938.png,1
940.png,2
941.png,2
942.png,2
943.png,2
944.png,0
945.png,0
946.png,0
947.png,2
948.png,2
949.png,2
950.png,2
951.png,2
952.png,2
953.png,2
954.png,2
955.png,2
956.png,2
957.png,2
958.png,2
959.png,2
960.png,2
961.png,2
962.png,0
963.png,0
964.png,0
965.png,0
966.png,0
967.png,0
968.png,0
969.png,0
970.png,0
971.png,0
972.png,0
973.png,0
974.png,1
975.png,1
976.png,1
977.png,1
978.png,1
979.png,1
980.png,1
981.png,2
982.png,2
983.png,2
984.png,2
985.png,2
986.png,2
987.png,2
988.png,2
989.png,2
990.png,2
991.png,2
992.png,2
993.png,2
994.png,2
995.png,2
996.png,2
997.png,2
998.png,2
999.png,2
1000.png,2
1001.png,2
1002.png,2
1003.png,2
1004.png,2
1005.png,2
1006.png,2
1007.png,2
1008.png,2
1009.png,2
1010.png,2
1011.png,2
1012.png,2
1013.png,2
1014.png,2
1015.png,2
1016.png,2
1017.png,2
1018.png,2
1019.png,2
1020.png,2
1021.png,2
1022.png,2
1023.png,2
1024.png,2
1025.png,2
1026.png,2
1027.png,2
1028.png,2
1029.png,2
1030.png,2
1031.png,2
1032.png,2
1033.png,2
1034.png,2
1035.png,2
1036.png,2
1037.png,2
1038.png,2
1039.png,2
1040.png,2
1041.png,2
1042.png,2
1043.png,2
1044.png,2
1045.png,2
1046.png,2
1047.png,2
1048.png,2
1049.png,2
1050.png,2
1051.png,2
1052.png,2
1053.png,2
1054.png,2
1057.png,2
1058.png,2
1059.png,2
1060.png,2
1061.png,2
1062.png,2
1063.png,2
1064.png,2
1065.png,2
1066.png,2
1067.png,2
1068.png,2
1069.png,2
1070.png,2
1071.png,2
1072.png,2
1073.png,2
1074.png,2
1075.png,2
1076.png,2
1077.png,2
1080.png,2
1081.png,2
1082.png,2
1083.png,2
1084.png,2
1085.png,2
1086.png,2
1087.png,2
1088.png,2
1089.png,2
1090.png,2
1091.png,2
1092.png,2
1093.png,2
1094.png,2
1095.png,2
1096.png,2
1097.png,2
1098.png,2
1099.png,2
1100.png,2
1101.png,2
1102.png,2
1103.png,2
1104.png,2
1105.png,2
1106.png,2
1107.png,2
1108.png,2
1109.png,2
1110.png,2
1111.png,2
1112.png,2
1113.png,2
1114.png,2
1115.png,2
1116.png,2
1117.png,2
1118.png,2
1119.png,2
1120.png,2
1121.png,2
1122.png,2
1123.png,2
1124.png,2
1125.png,2
1126.png,2
1127.png,2
1128.png,2
1129.png,2
1130.png,2
1131.png,2
1132.png,2
1133.png,2
1134.png,2
1135.png,2
1136.png,2
1137.png,2
1138.png,2
1139.png,2
1140.png,2
1141.png,2
1142.png,2
1143.png,2
1144.png,2
1145.png,2
1146.png,2
1147.png,2
1148.png,2
1149.png,2
1150.png,2
1151.png,2
1152.png,2
1153.png,2
1154.png,2
1155.png,2
1156.png,2
1157.png,2
1159.png,2
1160.png,2
1161.png,2
1162.png,2
1163.png,2
1164.png,2
1165.png,2
1166.png,0
1167.png,0
1168.png,0
1169.png,0
1170.png,0
1171.png,0
1172.png,2
1173.png,2
1174.png,2
1175.png,2
1176.png,2
1177.png,2
1178.png,2
1179.png,2
1180.png,2
1181.png,2
1182.png,2
1183.png,2
1184.png,2
1185.png,2
1186.png,2
1187.png,2
1188.png,2
1189.png,2
1190.png,2
1191.png,2
1192.png,2
1193.png,2
1194.png,2
1195.png,2
1196.png,2
1197.png,2
1198.png,2
1199.png,2
1200.png,2
1201.png,2
1202.png,2
1203.png,2
1204.png,2
1205.png,2
1206.png,2
1207.png,2
1208.png,2
1209.png,2
1210.png,2
1211.png,2
1212.png,2
1213.png,2
1214.png,2
1215.png,2
1216.png,2
1217.png,2
1218.png,2
1219.png,2
1220.png,2
1221.png,2
1222.png,0
1223.png,0
1224.png,0
1225.png,0
1226.png,0
1227.png,0
1228.png,0
1229.png,0
1230.png,0
1231.png,0
1232.png,0
1233.png,0
1234.png,0
1235.png,0
1236.png,0
1237.png,2
1238.png,2
1239.png,2
1240.png,2
1241.png,2
1242.png,2
1243.png,2
1244.png,2
1245.png,2
1246.png,2
1247.png,2
1248.png,2
1249.png,2
1250.png,2
1251.png,2
1252.png,2
1253.png,2
1254.png,2
1255.png,2
1256.png,2
1257.png,2
1258.png,2
1259.png,2
1260.png,2
1261.png,2
1262.png,2
1263.png,2
1264.png,2
1265.png,2
1266.png,2
1267.png,2
1268.png,2
1269.png,2
1270.png,2
1271.png,2
1272.png,2
1273.png,2
1274.png,2
1275.png,2
1276.png,2
1277.png,2
1279.png,1
1280.png,1
1281.png,1
1282.png,0
1283.png,1
1284.png,0
1285.png,2
1286.png,0
1287.png,0
1288.png,2
1289.png,2
1290.png,2
1291.png,2
1292.png,2
1293.png,2
1294.png,2
1295.png,2
1296.png,2
1297.png,2
1298.png,2
1299.png,2
1300.png,2
1301.png,2
1302.png,1
1303.png,0
1304.png,2
1305.png,2
1306.png,2
1307.png,2
1308.png,2
1309.png,2
1310.png,2
1311.png,2
1312.png,2
1313.png,2
1314.png,2
1315.png,2
1316.png,2
1317.png,2
1318.png,2
1319.png,2
1320.png,2
1321.png,2
1322.png,0
1323.png,0
1324.png,2
1325.png,0
1326.png,0
1327.png,0
1328.png,0
1330.png,0
1331.png,0
1332.png,0
1333.png,0
1334.png,2
1335.png,2
1336.png,2
1337.png,2
1338.png,1
1339.png,0
1340.png,0
1341.png,0
1342.png,0
1343.png,2
1344.png,2
1345.png,0
1346.png,0
1347.png,2
1348.png,2
1349.png,0
1350.png,2
1351.png,2
1352.png,2
1353.png,0
1354.png,0
1355.png,0
1356.png,0
1357.png,0
1358.png,2
1359.png,2
1361.png,0
1362.png,0
1363.png,0
1364.png,0
1365.png,0
1366.png,0
1367.png,0
1368.png,2
1369.png,2
1370.png,2
1371.png,2
1372.png,0
1373.png,0
1374.png,2
1375.png,0
4039.png,1
4040.png,1
4041.png,1
4042.png,1
4043.png,1
4044.png,1
4045.png,1
4046.png,1
4047.png,1
4048.png,1
4049.png,1
4050.png,1
4051.png,1
4052.png,1
4053.png,1
4054.png,1
4055.png,1
4056.png,1
4057.png,1
4058.png,1
4059.png,1
4060.png,1
4061.png,1
4062.png,1
4063.png,1
4064.png,1
4065.png,1
4066.png,1
4067.png,1
4068.png,1
4069.png,1
4070.png,1
4071.png,1
4072.png,1
4073.png,1
4074.png,1
4075.png,1
4076.png,1
4077.png,1
4078.png,1
4079.png,1
4080.png,1
4081.png,1
4082.png,1
4083.png,1
4084.png,1
4085.png,1
4086.png,1
4087.png,1
4088.png,1
4089.png,1
4090.png,1
4091.png,1
4092.png,1
4093.png,1
4094.png,1
4095.png,1
4096.png,1
4097.png,1
4098.png,1
4099.png,1
4100.png,1
4101.png,1
4102.png,1
4103.png,1
4104.png,1
4105.png,1
4106.png,1
4107.png,1
4108.png,1
4109.png,1
4110.png,1
4111.png,1
4112.png,1
4113.png,1
4114.png,1
4115.png,1
4116.png,1
4117.png,1
4118.png,1
4119.png,1
4120.png,1
4121.png,1
4122.png,1
4123.png,1
4124.png,1
4125.png,1
4126.png,1
4127.png,1
4128.png,1
4129.png,1
4130.png,1
4131.png,1
4132.png,1
4133.png,1
4134.png,1
4135.png,1
4136.png,1
4137.png,1
4138.png,1
4139.png,1
4140.png,1
4141.png,1
4142.png,1
4143.png,1
4144.png,1
4145.png,1
4146.png,1
4147.png,1
4148.png,1
4149.png,1
4150.png,1
4151.png,1
4152.png,1
4153.png,1
4154.png,1
4155.png,1
4156.png,1
4157.png,1
4158.png,1
4159.png,1
4160.png,1
4161.png,1
4162.png,1
4163.png,1
4164.png,1
4165.png,1
4166.png,1
4167.png,1
4168.png,1
4169.png,1
4170.png,1
4171.png,1
4172.png,1
4173.png,1
4174.png,1
4175.png,1
4176.png,1
4177.png,1
4178.png,1
4179.png,1
4180.png,1
4181.png,1
4182.png,1
4183.png,1
4184.png,1
4185.png,1
4186.png,1
4187.png,1
4188.png,1
4189.png,1
4190.png,1
4191.png,1
4192.png,1
4193.png,1
4194.png,1
4195.png,1
4196.png,1
4197.png,1
4198.png,1
4199.png,1
4200.png,1
4201.png,1
4202.png,1
4203.png,1
4204.png,1
4205.png,1
4206.png,1
4207.png,1
4208.png,1
4209.png,1
4210.png,1
4211.png,1
4212.png,1
4213.png,1
4214.png,1
4215.png,1
4216.png,1
4217.png,1
4218.png,1
4219.png,1
4220.png,1
4221.png,1
4222.png,1
4223.png,1
4224.png,1
4225.png,1
4226.png,1
4227.png,1
4228.png,1
4229.png,1
4230.png,1
4231.png,1
4232.png,1
4233.png,1
4234.png,1
4235.png,1
4236.png,1
4237.png,1
4238.png,1
4239.png,1
4240.png,1
4241.png,1
4242.png,1
4243.png,1
4244.png,1
4245.png,1
4246.png,1
4247.png,1
4248.png,1
4249.png,1
4250.png,1
4251.png,1
4252.png,1
4253.png,1
4254.png,1
4255.png,1
4256.png,1
4257.png,1
4258.png,1
4259.png,1
4260.png,1
4261.png,1
4262.png,1
4263.png,1
4264.png,1
4265.png,1
4266.png,1
4267.png,1
4268.png,1
4269.png,1
4270.png,1
4271.png,1
4272.png,1
4273.png,1
4274.png,1
4275.png,1
4276.png,1
4277.png,1
4278.png,1
4279.png,1
4280.png,1
4281.png,1
4282.png,1
4283.png,1
4284.png,1
4285.png,1
4286.png,1
4287.png,1
4288.png,1
4289.png,1
4290.png,1
4291.png,1
4292.png,1
4293.png,1
4295.png,1
4296.png,1
4297.png,1
4298.png,1
4299.png,1
4300.png,1
4301.png,1
4302.png,1
4303.png,1
4304.png,1
4305.png,1
4306.png,1
4307.png,1
4308.png,1
4309.png,1
4310.png,1
4311.png,1
4312.png,1
4313.png,1
4314.png,1
4315.png,1
4316.png,1
4317.png,1
4318.png,1
4319.png,1
4320.png,1
4321.png,1
4322.png,1
4323.png,1
4324.png,1
4325.png,1
4326.png,1
4327.png,1
4328.png,1
4329.png,1
4330.png,1
4331.png,1
4332.png,1
4333.png,1
4334.png,1
4335.png,1
4336.png,1
4337.png,1
4338.png,1
4339.png,1
4340.png,1
4341.png,1
4342.png,1
4343.png,1
4344.png,1
4345.png,1
4346.png,1
4347.png,1
4348.png,1
4349.png,1
4350.png,1
4351.png,1
4352.png,1
4353.png,1
4354.png,1
4355.png,1
4356.png,1
4357.png,1
4358.png,1
4359.png,1
4360.png,1
4361.png,1
4362.png,1
4363.png,1
4364.png,1
4365.png,1
4366.png,1
4367.png,1
4368.png,1
4369.png,1
4370.png,1
4371.png,1
4372.png,1
4373.png,1
4374.png,1
4375.png,1
4376.png,1
4377.png,1
4378.png,1
4379.png,1
4380.png,1
4381.png,1
4382.png,1
4383.png,1
4384.png,1
4386.png,1
4387.png,1
4388.png,1
4389.png,1
4390.png,1
4391.png,1
4392.png,1
4393.png,1
4394.png,1
4395.png,1
4396.png,1
4397.png,1
4398.png,1
4399.png,1
4400.png,1
4401.png,1
4402.png,1
4403.png,1
4404.png,1
4405.png,1
4406.png,1
4407.png,1
4408.png,1
4409.png,1
4410.png,1
4411.png,1
4412.png,1
4413.png,1
4414.png,1
4415.png,1
4416.png,1
4417.png,1
4418.png,1
4419.png,1
4420.png,1
4421.png,1
4422.png,1
4423.png,1
4424.png,1
4425.png,1
4426.png,1
4427.png,1
4428.png,1
4429.png,1
4430.png,1
4431.png,1
4432.png,1
4433.png,1
4434.png,1
4435.png,1
4436.png,1
4437.png,1
4438.png,1
4439.png,1
4440.png,1
4441.png,1
4442.png,1
4443.png,1
4444.png,1
4445.png,1
4446.png,1
4447.png,1
4448.png,1
4449.png,1
4450.png,1
4451.png,1
4452.png,1
4453.png,1
4454.png,1
4455.png,1
4456.png,1
4457.png,1
4458.png,1
4459.png,1
4460.png,1
4461.png,1
4462.png,1
4463.png,1
4464.png,1
4465.png,1
4466.png,1
4467.png,1
4468.png,1
4469.png,1
4470.png,1
4471.png,1
4472.png,1
4473.png,1
4474.png,1
4475.png,1
4476.png,1
4477.png,1
4478.png,1
4479.png,1
4480.png,1
4481.png,1
4482.png,1
4483.png,1
4484.png,1
4485.png,1
4486.png,1
4487.png,1
4488.png,1
4489.png,1
4490.png,1
4491.png,1
4492.png,1
4493.png,1
4494.png,1
4495.png,1
4496.png,1
4497.png,1
4498.png,1
4499.png,1
4500.png,1
4501.png,1
4502.png,1
4503.png,1
4504.png,1
4505.png,1
4506.png,1
4507.png,1
4508.png,1
4509.png,1
4510.png,1
4511.png,1
4512.png,1
4513.png,1
4514.png,1
4515.png,1
4516.png,1
4517.png,1
4518.png,1
4519.png,1
4520.png,1
4521.png,1
4522.png,1
4523.png,1
4524.png,1
4525.png,1
4526.png,1
4527.png,1
4528.png,1
4529.png,1
4530.png,1
4531.png,1
4532.png,1
4533.png,1
4534.png,1
4535.png,1
4536.png,1
4537.png,1
4538.png,1
4539.png,1
4540.png,1
4541.png,1
4542.png,1
4543.png,1
4544.png,1
4545.png,1
4546.png,1
4547.png,1
4548.png,1
4549.png,1
4550.png,1
4551.png,1
4552.png,1
4553.png,1
4554.png,1
4555.png,1
4556.png,1
4557.png,1
4558.png,1
4559.png,1
4560.png,1
4561.png,1
4562.png,1
4563.png,1
4564.png,1
4565.png,1
4566.png,1
4567.png,1
4568.png,1
4569.png,1
4570.png,1
4571.png,1
4572.png,1
4573.png,1
4574.png,1
4575.png,1
4576.png,1
4577.png,1
4578.png,1
4579.png,1
4580.png,1
4581.png,1
4582.png,1
4583.png,1
4584.png,1
4585.png,1
4586.png,1
4587.png,1
4588.png,1
4589.png,1
4590.png,1
4591.png,1
4592.png,1
4593.png,1
4594.png,1
4595.png,1
4596.png,1
4597.png,1
4598.png,1
4599.png,1
4600.png,1
4601.png,1
4602.png,1
4603.png,1
4604.png,1
4605.png,1
4607.png,1
4608.png,1
4609.png,1
4610.png,1
4611.png,1
4612.png,1
4613.png,1
4614.png,1
4615.png,1
4616.png,1
4617.png,1
4618.png,1
4619.png,1
4620.png,1
4621.png,1
4622.png,1
4623.png,1
4624.png,1
4625.png,1
4626.png,1
4627.png,1
4628.png,1
4629.png,1
4630.png,1
4631.png,1
4632.png,1
4633.png,1
4634.png,1
4635.png,1
4636.png,1
4637.png,1
4638.png,1
4639.png,1
4640.png,1
4641.png,1
4642.png,1
4643.png,1
4644.png,1
4645.png,1
4646.png,1
4647.png,1
4648.png,1
4649.png,1
4650.png,1
4651.png,1
4652.png,1
4653.png,1
4654.png,1
4655.png,1
4656.png,1
4657.png,1
4658.png,1
4659.png,1
4660.png,1
4661.png,1
4662.png,1
4663.png,1
4664.png,1
4665.png,1
4666.png,1
4667.png,1
4668.png,1
4669.png,1
4670.png,1
4671.png,1
4672.png,1
4673.png,1
4674.png,1
4675.png,1
4676.png,1
4677.png,1
4678.png,1
4679.png,1
4680.png,1
4681.png,1
4682.png,1
4683.png,1
4684.png,1
4685.png,1
4686.png,1
4687.png,1
4688.png,1
4689.png,1
4690.png,1
4691.png,1
4692.png,1
4693.png,1
4694.png,1
4695.png,1
4696.png,1
4697.png,1
4698.png,1
4699.png,1
4700.png,1
4701.png,1
4702.png,1
4703.png,1
4704.png,1
4705.png,1
4706.png,1
4707.png,1
4708.png,1
4709.png,1
4710.png,1
4711.png,1
4712.png,1
4713.png,1
4714.png,1
4715.png,1
4716.png,1
4717.png,1
4718.png,1
4719.png,1
4720.png,1
4721.png,1
4722.png,1
4723.png,1
4724.png,1
4725.png,1
4726.png,1
4727.png,1
4728.png,1
4729.png,1
4730.png,1
4731.png,1
4732.png,1
4733.png,1
4734.png,1
4735.png,1
4736.png,1
4737.png,1
4738.png,1
4739.png,1
4740.png,1
4741.png,1
4742.png,1
4743.png,1
4744.png,1
4745.png,1
4746.png,1
4747.png,1
4748.png,1
4749.png,1
4750.png,1
4751.png,1
4752.png,1
4753.png,1
4754.png,1
4755.png,1
4756.png,1
4757.png,1
4758.png,1
4759.png,1
4760.png,1
4761.png,1
4762.png,1
4763.png,1
4764.png,1
4765.png,1
4766.png,1
4767.png,1
4768.png,1
4769.png,1
4770.png,1
4771.png,1
4772.png,1
4773.png,1
4774.png,1
4775.png,1
4776.png,1
4777.png,1
4778.png,1
4779.png,1
4780.png,1
4781.png,1
4782.png,1
4783.png,1
4784.png,1
4785.png,1
4786.png,1
4787.png,1
4788.png,1
4789.png,1
4790.png,1
4791.png,1
4792.png,1
4793.png,1
4794.png,1
4795.png,1
4796.png,1
4797.png,1
4798.png,1
4799.png,1
4800.png,1
4801.png,1
4802.png,1
4803.png,1
4804.png,1
4805.png,1
4806.png,1
4807.png,1
4808.png,1
4809.png,1
4810.png,1
4811.png,1
4812.png,1
4813.png,1
4814.png,1
4815.png,1
4816.png,1
4817.png,1
4818.png,1
4819.png,1
4820.png,1
4821.png,1
4822.png,1
4823.png,1
4824.png,1
4825.png,1
4826.png,1
4827.png,1
4828.png,1
4829.png,1
4830.png,1
4831.png,1
4832.png,1
4833.png,1
4834.png,1
4835.png,1
4836.png,1
4837.png,1
4838.png,1
4839.png,1
4840.png,1
4841.png,1
4842.png,1
4843.png,1
4844.png,1
4845.png,1
4846.png,1
4847.png,1
4848.png,1
4849.png,1
4850.png,1
4851.png,1
4852.png,1
4853.png,1
4854.png,1
4855.png,1
4856.png,1
4857.png,1
4858.png,1
4859.png,1
4860.png,1
4861.png,1
4862.png,1
4863.png,1
4864.png,1
4865.png,1
4866.png,1
4867.png,1
4868.png,1
4877.png,1
4878.png,1
4879.png,1
4880.png,1
4881.png,1
4882.png,1
4883.png,1
4884.png,1
4885.png,1
4886.png,1
4887.png,1
4888.png,1
4889.png,1
4890.png,1
4891.png,1
4892.png,1
4893.png,1
4894.png,1
4895.png,1
4896.png,1
4897.png,1
4898.png,1
4899.png,1
4900.png,1
4901.png,1
4902.png,1
4903.png,1
4904.png,1
4905.png,1
4906.png,1
4907.png,1
4908.png,1
4909.png,1
4910.png,1
4911.png,1
4912.png,1
4913.png,1
4914.png,1
4915.png,1
4916.png,1
4917.png,1
4918.png,1
4919.png,1
4920.png,1
4922.png,1
4923.png,1
4924.png,1
4925.png,1
4926.png,1
4927.png,1
4928.png,1
4929.png,1
4930.png,1
4931.png,1
4932.png,1
4933.png,1
4934.png,1
4935.png,1
4936.png,1
4937.png,1
4938.png,1
4939.png,1
4940.png,1
4941.png,1
4942.png,1
4943.png,1
4944.png,1
4945.png,1
4946.png,1
4947.png,1
4948.png,1
4949.png,1
4950.png,1
4951.png,1
4952.png,1
4953.png,1
4954.png,1
4955.png,1
4956.png,1
4957.png,1
4958.png,1
4959.png,1
4960.png,1
4961.png,1
4962.png,1
4963.png,1
4964.png,1
4965.png,1
4966.png,1
4967.png,1
4968.png,1
4969.png,1
4970.png,1
4971.png,1
4972.png,1
4973.png,1
4974.png,1
4975.png,1
4976.png,1
4977.png,1
4978.png,1
4979.png,1
4980.png,1
4981.png,1
4982.png,1
4983.png,1
4984.png,1
4985.png,1
4986.png,1
4987.png,1
4988.png,1
4989.png,1
4990.png,1
4991.png,1
4992.png,1
4993.png,1
4994.png,1
4995.png,1
4996.png,1
4997.png,1
4998.png,1
4999.png,1
5000.png,1
5001.png,1
5002.png,1
5003.png,1
5004.png,1
5005.png,1
5006.png,1
5007.png,1
5008.png,1
5009.png,1
5010.png,1
5011.png,1
5012.png,1
5013.png,1
5014.png,1
5015.png,1
5016.png,1
5017.png,1
5018.png,1
5019.png,1
5020.png,1
5021.png,1
5022.png,1
5023.png,1
5024.png,1
5025.png,1
5026.png,1
5027.png,1
5028.png,1
5029.png,1
5030.png,1
5031.png,1
5032.png,1
5033.png,1
5034.png,1
5035.png,1
5036.png,1
5037.png,1
5038.png,1
5039.png,1
5040.png,1
5041.png,1
5042.png,1
5043.png,1
5044.png,1
5045.png,1
5046.png,1
5047.png,1
5048.png,1
5049.png,1
5050.png,1
5051.png,1
5052.png,1
5053.png,1
5054.png,1
5055.png,1
5056.png,1
5057.png,1
5058.png,1
5059.png,1
5060.png,1
5061.png,1
5062.png,1
5063.png,1
5064.png,1
5065.png,1
5066.png,1
5067.png,1
5068.png,1
5069.png,1
5070.png,1
5071.png,1
5072.png,1
5073.png,1
5074.png,1
5075.png,1
5076.png,1
5077.png,1
5078.png,1
5079.png,1
5080.png,1
5081.png,1
5082.png,1
5083.png,1
5084.png,1
5085.png,1
5086.png,1
5087.png,1
5088.png,1
5089.png,1
5090.png,1
5091.png,1
5092.png,1
5093.png,1
5094.png,1
5095.png,1
5096.png,1
5097.png,1
5098.png,1
5099.png,1
5100.png,1
5101.png,1
5102.png,1
5103.png,1
5104.png,1
5105.png,1
5106.png,1
5107.png,1
5108.png,1
5109.png,1
5110.png,1
5111.png,1
5112.png,1
5113.png,1
5114.png,1
5115.png,1
5116.png,1
5117.png,1
5118.png,1
5119.png,1
5120.png,1
5121.png,1
5122.png,1
5123.png,1
5124.png,1
5125.png,1
5126.png,1
5127.png,1
5128.png,1
5129.png,1
5130.png,1
5131.png,1
5132.png,1
5133.png,1
5134.png,1
5135.png,1
5136.png,1
5137.png,1
5138.png,1
5139.png,1
5140.png,1
5141.png,1
5142.png,1
5143.png,1
5144.png,1
5145.png,1
5146.png,1
5147.png,1
5148.png,1
5149.png,1
5150.png,1
5151.png,1
5152.png,1
5153.png,1
5154.png,1
5155.png,1
5156.png,1
5157.png,1
5158.png,1
5159.png,1
5160.png,1
5161.png,1
5162.png,1
5163.png,1
5164.png,1
5165.png,1
5166.png,1
5167.png,1
5168.png,1
5169.png,1
5170.png,1
5171.png,1
5172.png,1
5173.png,1
5174.png,1
5175.png,1
5176.png,1
5177.png,1
5178.png,1
5179.png,1
5180.png,1
5181.png,1
5182.png,1
5183.png,1
5184.png,1
5185.png,1
5186.png,1
5187.png,1
5188.png,1
5189.png,1
5190.png,1
5191.png,1
5192.png,1
5193.png,1
5194.png,1
5195.png,1
5196.png,1
5197.png,1
5198.png,1
5199.png,1
5200.png,1
5201.png,1
5202.png,1
5203.png,1
5204.png,1
5205.png,1
5206.png,1
5207.png,1
5208.png,1
5209.png,1
5210.png,1
5211.png,1
5212.png,1
5213.png,1
5214.png,1
5215.png,1
5216.png,1
5217.png,1
5218.png,1
5219.png,1
5220.png,1
5221.png,1
5222.png,1
5223.png,1
5224.png,1
5225.png,1
5226.png,1
5227.png,1
5228.png,1
5229.png,1
5230.png,1
5231.png,1
5232.png,1
5233.png,1
5234.png,1
5235.png,1
5236.png,1
5237.png,1
5238.png,1
5239.png,1
5240.png,1
5241.png,1
5242.png,1
5243.png,1
5244.png,1
5245.png,1
5246.png,1
5247.png,1
5248.png,1
5249.png,1
5250.png,1
5251.png,1
5252.png,1
5253.png,1
5254.png,1
5255.png,1
5256.png,1
5257.png,1
5258.png,1
5259.png,1
5260.png,1
5261.png,1
5262.png,1
5263.png,1
5264.png,1
5265.png,1
5266.png,1
5267.png,1
5268.png,1
5269.png,1
5270.png,1
5271.png,1
5272.png,1
5273.png,1
5274.png,1
5275.png,1
5276.png,1
5277.png,1
5278.png,1
5279.png,1
5280.png,1
5281.png,1
5282.png,1
5283.png,1
5284.png,1
5285.png,1
5286.png,1
5287.png,1
5288.png,1
5289.png,1
5290.png,1
5291.png,1
5292.png,1
5293.png,1
5294.png,1
5295.png,1
5296.png,1
5297.png,1
5298.png,1
5299.png,1
5300.png,1
5301.png,1
5302.png,1
5303.png,1
5304.png,1
5305.png,1
5306.png,1
5307.png,1
5308.png,1
5309.png,1
5310.png,1
5311.png,1
5312.png,1
5313.png,1
5314.png,1
5315.png,1
5316.png,1
5317.png,1
5318.png,1
5319.png,1
5320.png,1
5321.png,1
5322.png,1
5323.png,1
5324.png,1
5325.png,1
5326.png,1
5327.png,1
5328.png,1
5329.png,1
5330.png,1
5331.png,1
5332.png,1
5333.png,1
5334.png,1
5335.png,1
5336.png,1
5337.png,1
5338.png,1
5339.png,1
5340.png,1
5341.png,1
5342.png,1
5343.png,1
5344.png,1
5345.png,1
5346.png,1
5347.png,1
5348.png,1
5349.png,1
5350.png,1
5351.png,1
5352.png,1
5353.png,1
5354.png,1
5355.png,1
5356.png,1
5357.png,1
5358.png,1
5359.png,1
5360.png,1
5361.png,1
5362.png,1
5363.png,1
5364.png,1
5365.png,1
5366.png,1
5367.png,1
5368.png,1
5369.png,1
5370.png,1
5371.png,1
5372.png,1
5373.png,1
5374.png,1
5375.png,1
5376.png,1
5377.png,1
5378.png,1
5379.png,1
5380.png,1
5381.png,1
5382.png,1
5383.png,1
5384.png,1
5385.png,1
5386.png,1
4001.png,1
4002.png,1
4003.png,1
4004.png,1
4005.png,1
4006.png,1
4007.png,1
4008.png,1
4009.png,1
4010.png,1
4011.png,1
4012.png,1
4013.png,1
4014.png,1
4015.png,1
4016.png,1
4017.png,1
4018.png,1
4019.png,1
4020.png,1
4021.png,1
4022.png,1
4023.png,1
4024.png,1
4025.png,1
4026.png,1
4027.png,1
4028.png,1
4029.png,1
4030.png,1
4031.png,1
4032.png,1
4033.png,1
4034.png,1
4035.png,1
4036.png,1
4037.png,1
4038.png,1
2114.png,0
2115.png,0
2116.png,0
2117.png,0
2118.png,0
2125.png,0
2137.png,0
2138.png,0
2139.png,0
2140.png,0
2141.png,0
2142.png,0
2143.png,0
2156.png,0
2157.png,0
2190.png,0
2191.png,0
2192.png,0
2193.png,0
2194.png,0
2195.png,0
2288.png,0
2289.png,0
2379.png,0
2380.png,0
2381.png,0
2382.png,0
2383.png,0
2384.png,0
2385.png,0
2386.png,0
2387.png,0
2388.png,0
2389.png,0
2641.png,0
2642.png,0
2643.png,0
2644.png,0
2645.png,0
2646.png,0
2647.png,0
2648.png,0
2649.png,0
2650.png,0
3054.png,0
3131.png,0
3132.png,0
3133.png,0
3134.png,0
3135.png,0
3136.png,0
3137.png,0
3138.png,0
3139.png,0
3140.png,0
3141.png,0
3142.png,0
3143.png,0
3144.png,0
3145.png,0
3146.png,0
3147.png,0
3148.png,0
3149.png,0
3150.png,0
3151.png,0
3152.png,0
3153.png,0
3154.png,0
3155.png,0
3156.png,0
2006.png,0
2007.png,0
2008.png,0
2009.png,0
2010.png,0
2016.png,0
2017.png,0
2018.png,0
2019.png,0
2020.png,0
2021.png,0
2022.png,0
2023.png,0
2024.png,0
2027.png,0
2028.png,0
2029.png,0
2030.png,0
2031.png,0
2032.png,0
2035.png,0
2040.png,0
2041.png,0
2042.png,0
2043.png,0
2070.png,0
2071.png,0
2103.png,0
2104.png,0
2105.png,0
2106.png,0
2107.png,0
2108.png,0
2109.png,0
2110.png,0
2111.png,0
2112.png,0
2113.png,0
6001.png,0
6002.png,0
6003.png,0
6004.png,0
6005.png,0
6006.png,0
6007.png,0
6008.png,0
6009.png,0
6010.png,0
6011.png,0
6012.png,0
6013.png,0
6014.png,0
6015.png,0
6016.png,0
6017.png,0
6018.png,0
6019.png,0
6020.png,0
6021.png,0
6022.png,0
6023.png,0
6024.png,0
6025.png,0
6026.png,0
6027.png,0
6028.png,0
6029.png,0
6030.png,0
6031.png,0
6032.png,0
6033.png,0
6034.png,0
6035.png,0
6036.png,0
6037.png,0
6038.png,0
6039.png,0
6040.png,0
6041.png,0
6042.png,0
6043.png,0
6044.png,0
6045.png,0
6046.png,0
6047.png,0
6048.png,0
6049.png,0
6050.png,0
6051.png,0
6052.png,0
6053.png,0
6054.png,0
6055.png,0
6056.png,0
6057.png,0
6058.png,0
6059.png,0
6060.png,0
6061.png,0
6062.png,0
6063.png,0
6064.png,0
6065.png,0
6066.png,0
6067.png,0
6068.png,0
6069.png,0
6070.png,0
6071.png,0
6072.png,0
6073.png,0
6074.png,0
6075.png,0
6076.png,0
6077.png,0
6078.png,0
6079.png,0
6080.png,0
6081.png,0
6082.png,0
6083.png,0
6084.png,0
6085.png,0
6086.png,0
6087.png,0
6088.png,0
6089.png,0
6090.png,0
6091.png,0
6092.png,0
6093.png,0
6094.png,0
6095.png,0
6096.png,0
6097.png,0
6098.png,0
6099.png,0
6100.png,0
6101.png,0
6102.png,0
6103.png,0
6104.png,0
6105.png,0
6106.png,0
6107.png,0
6108.png,0
6109.png,0
6110.png,0
6111.png,0
6112.png,0
6113.png,0
6114.png,0
6115.png,0
6117.png,0
6118.png,0
6119.png,0
6120.png,0
6121.png,0
6122.png,0
6123.png,0
6124.png,0
6125.png,0
6126.png,0
6127.png,0
6128.png,0
6129.png,0
6130.png,0
6131.png,0
6132.png,0
6133.png,0
6134.png,0
6135.png,0
6136.png,0
6137.png,0
6138.png,0
6139.png,0
6140.png,0
6141.png,0
6142.png,0
6143.png,0
6144.png,0
6145.png,0
6146.png,0
6147.png,0
6148.png,0
6149.png,0
6150.png,0
6151.png,0
6152.png,0
6153.png,0
6154.png,0
6155.png,0
6156.png,0
6157.png,0
6158.png,0
6159.png,0
6160.png,0
6161.png,0
6162.png,0
6163.png,0
6164.png,0
6165.png,0
6166.png,0
6167.png,0
6168.png,0
6169.png,0
6170.png,0
6171.png,0
6172.png,0
6173.png,0
6174.png,0
6175.png,0
6176.png,0
6177.png,0
6178.png,0
6179.png,0
6180.png,0
6181.png,0
6182.png,0
6183.png,0
6184.png,0
6185.png,0
6186.png,0
6187.png,0
6188.png,0
6189.png,0
6190.png,0
6191.png,0
6192.png,0
6193.png,0
6194.png,0
6195.png,0
6196.png,0
6197.png,0
6198.png,0
6199.png,0
6200.png,0
6201.png,0
6202.png,0
6203.png,0
6204.png,0
6205.png,0
6206.png,0
6207.png,0
6208.png,0
6209.png,0
6210.png,0
6211.png,0
6212.png,0
6213.png,0
6214.png,0
6215.png,0
6216.png,0
6217.png,0
6218.png,0
6219.png,0
6220.png,0
6221.png,0
6222.png,0
6223.png,0
6224.png,0
6225.png,0
6226.png,0
6227.png,0
6228.png,0
6229.png,0
6230.png,0
6231.png,0
6232.png,0
6233.png,0
6234.png,0
6235.png,0
6236.png,0
6237.png,0
6238.png,0
6239.png,0
6240.png,0
6241.png,0
6242.png,0
6243.png,0
6244.png,0
6245.png,0
6246.png,0
6247.png,0
6248.png,0
6249.png,0
6250.png,0
6251.png,0
6252.png,0
6253.png,0
6254.png,0
6255.png,0
6256.png,0
6257.png,0
6258.png,0
6259.png,0
6260.png,0
6261.png,0
6262.png,0
6263.png,0
6264.png,0
6265.png,0
6266.png,0
6267.png,0
6268.png,0
6269.png,0
6270.png,0
6271.png,0
6272.png,0
6273.png,0
6274.png,0
6275.png,0
6276.png,0
6277.png,0
6278.png,0
6279.png,0
6280.png,0
6281.png,0
6282.png,0
6283.png,0
6284.png,0
6285.png,0
6286.png,0
6287.png,0
6288.png,0
6289.png,0
6290.png,0
6291.png,0
6292.png,0
6293.png,0
6294.png,0
6295.png,0
6296.png,0
6297.png,0
6298.png,0
6299.png,0
6300.png,0
6301.png,0
6302.png,0
6303.png,0
6304.png,0
6305.png,0
6306.png,0
6307.png,0
6308.png,0
6309.png,0
6310.png,0
6311.png,0
6312.png,0
6313.png,0
6314.png,0
6315.png,0
6316.png,0
6317.png,0
6318.png,0
6319.png,0
6320.png,0
6321.png,0
6322.png,0
6323.png,0
6324.png,0
6325.png,0
6326.png,0
6327.png,0
6328.png,0
6329.png,0
6330.png,0
6331.png,0
6332.png,0
6333.png,0
6334.png,0
6335.png,0
6336.png,0
6337.png,0
6338.png,0
6339.png,0
6340.png,0
6341.png,0
6342.png,0
6343.png,0
6344.png,0
6345.png,0
6346.png,0
6347.png,0
6348.png,0
6349.png,0
6350.png,0
6351.png,0
6352.png,0
6353.png,0
6354.png,0
6355.png,0
6356.png,0
6357.png,0
6358.png,0
6359.png,0
6360.png,0
6361.png,0
6362.png,0
6363.png,0
6364.png,0
6365.png,0
6366.png,0
6367.png,0
6368.png,0
6369.png,0
6370.png,0
6371.png,0
6372.png,0
6373.png,0
6374.png,0
6375.png,0
6376.png,0
6377.png,0
6378.png,0
6379.png,0
6380.png,0
6381.png,0
6382.png,0
6383.png,0
6384.png,0
6385.png,0
6386.png,0
6387.png,0
6388.png,0
6389.png,0
6390.png,0
6391.png,0
6392.png,0
6393.png,0
6394.png,0
6395.png,0
6396.png,0
6397.png,0
6398.png,0
6399.png,0
6400.png,0
6401.png,0
6402.png,0
6403.png,0
6404.png,0
6405.png,0
6406.png,0
6407.png,0
6408.png,0
6409.png,0
6410.png,0
6411.png,0
6412.png,0
6413.png,0
6414.png,0
6415.png,0
6416.png,0
6417.png,0
6418.png,0
6419.png,0
6420.png,0
6421.png,0
6422.png,0
6423.png,0
6424.png,0
6425.png,0
6426.png,0
6427.png,0
6428.png,0
6429.png,0
6430.png,0
6431.png,0
6432.png,0
6433.png,0
6434.png,0
6435.png,0
6436.png,0
6437.png,0
6438.png,0
6439.png,0
6440.png,0
6441.png,0
6442.png,0
6443.png,0
6444.png,0
6445.png,0
6446.png,0
6447.png,0
6448.png,0
6449.png,0
6450.png,0
6451.png,0
6452.png,0
6453.png,0
6454.png,0
6455.png,0
6456.png,0
6457.png,0
6458.png,0
6459.png,0
6460.png,0
6461.png,0
6462.png,0
6463.png,0
6464.png,0
6465.png,0
6466.png,0
6467.png,0
6468.png,0
6469.png,0
6470.png,0
6471.png,0
6472.png,0
6473.png,0
6474.png,0
6475.png,0
6476.png,0
6477.png,0
6478.png,0
6479.png,0
6480.png,0
6481.png,0
6482.png,0
6483.png,0
6484.png,0
6485.png,0
6486.png,0
6487.png,0
6488.png,0
6489.png,0
6490.png,0
6491.png,0
6492.png,0
6493.png,0
6494.png,0
6495.png,0
6496.png,0
6497.png,0
6498.png,0
6499.png,0
6500.png,0
6501.png,0
6502.png,0
6503.png,0
6504.png,0
6505.png,0
6506.png,0
6507.png,0
6508.png,0
6509.png,0
6510.png,0
6511.png,0
6512.png,0
6513.png,0
6514.png,0
6515.png,0
6516.png,0
6517.png,0
6518.png,0
6519.png,0
6520.png,0
6521.png,0
6522.png,0
6523.png,0
6524.png,0
6525.png,0
6526.png,0
6527.png,0
6528.png,0
6529.png,0
6530.png,0
6531.png,0
6532.png,0
6533.png,0
6534.png,0
6535.png,0
6536.png,0
6537.png,0
6538.png,0
6539.png,0
6540.png,0
6541.png,0
6542.png,0
6543.png,0
6544.png,0
6545.png,0
6546.png,0
6547.png,0
6548.png,0
6549.png,0
6550.png,0
6551.png,0
6552.png,0
6553.png,0
6554.png,0
6555.png,0
6556.png,0
6557.png,0
6558.png,0
6559.png,0
6560.png,0
6561.png,0
6562.png,0
6563.png,0
6564.png,0
6565.png,0
6566.png,0
6567.png,0
6568.png,0
6569.png,0
6570.png,0
6571.png,0
6572.png,0
6573.png,0
6574.png,0
6575.png,0
6576.png,0
6577.png,0
6578.png,0
6579.png,0
6580.png,0
6581.png,0
6582.png,0
6583.png,0
6584.png,0
6585.png,0
6586.png,0
6587.png,0
6588.png,0
6589.png,0
6590.png,0
6591.png,0
6592.png,0
6593.png,0
6594.png,0
6595.png,0
6596.png,0
6597.png,0
6598.png,0
6599.png,0
6600.png,0
6601.png,0
6602.png,0
6603.png,0
6604.png,0
6605.png,0
6606.png,0
6607.png,0
6608.png,0
6609.png,0
6610.png,0
6611.png,0
6612.png,0
6613.png,0
6614.png,0
6615.png,0
6616.png,0
6617.png,0
6618.png,0
6619.png,0
6620.png,0
6621.png,0
6622.png,0
6623.png,0
6624.png,0
6625.png,0
6626.png,0
6627.png,0
6628.png,0
6629.png,0
6630.png,0
6631.png,0
6632.png,0
6633.png,0
6634.png,0
6635.png,0
6636.png,0
6637.png,0
6638.png,0
6639.png,0
6640.png,0
8001.png,3
8002.png,3
8003.png,3
8004.png,3
8005.png,3
8006.png,3
8007.png,3
8008.png,3
8009.png,3
8010.png,3
8011.png,3
8012.png,3
8013.png,3
8014.png,3
8015.png,3
8016.png,3
8017.png,3
8018.png,3
8019.png,3
8020.png,3
8021.png,3
8022.png,3
8023.png,3
8024.png,3
8025.png,3
8026.png,3
8027.png,3
8028.png,3
8029.png,3
8030.png,3
8031.png,3
8032.png,3
8033.png,3
8034.png,3
8035.png,3
8036.png,3
8037.png,3
8038.png,3
8039.png,3
8040.png,3
8041.png,3
8042.png,3
8043.png,3
8044.png,3
8045.png,3
8046.png,3
8047.png,3
8048.png,3
8049.png,3
8050.png,3
8051.png,3
8052.png,3
8053.png,3
8054.png,3
8055.png,3
8056.png,3
8057.png,3
8058.png,3
8059.png,3
8060.png,3
8061.png,3
8062.png,3
8063.png,3
8064.png,3
8065.png,3
8066.png,3
8067.png,3
8068.png,3
8069.png,3
8070.png,3
8071.png,3
8072.png,3
8073.png,3
8074.png,3
8075.png,3
8076.png,3
8077.png,3
8078.png,3
8079.png,3
8080.png,3
8081.png,3
8082.png,3
8083.png,3
8084.png,3
8085.png,3
8086.png,3
8087.png,3
8088.png,3
8089.png,3
8090.png,3
8091.png,3
8092.png,3
8093.png,3
8094.png,3
8095.png,3
8096.png,3
8097.png,3
8098.png,3
8099.png,3
8100.png,3
8101.png,3
8102.png,3
8103.png,3
8104.png,3
8105.png,3
8106.png,3
8107.png,3
8108.png,3
8109.png,3
8110.png,3
8111.png,3
8112.png,3
8113.png,3
8114.png,3
8115.png,3
8116.png,3
8117.png,3
8118.png,3
8119.png,3
8120.png,3
8121.png,3
8122.png,3
8123.png,3
8124.png,3
8125.png,3
8126.png,3
8127.png,3
8128.png,3
8129.png,3
8130.png,3
8131.png,3
8132.png,3
8133.png,3
8134.png,3
8135.png,3
8136.png,3
8137.png,3
8138.png,3
8139.png,3
8140.png,3
8141.png,3
8142.png,3
8143.png,3
8144.png,3
8145.png,3
8146.png,3
8147.png,3
8148.png,3
8149.png,3
8150.png,3
8151.png,3
8152.png,3
8153.png,3
8154.png,3
8155.png,3
8156.png,3
8157.png,3
8158.png,3
8159.png,3
8160.png,3
8161.png,3
8162.png,3
8163.png,3
8164.png,3
8165.png,3
8166.png,3
8167.png,3
8168.png,3
8169.png,3
8170.png,3
8171.png,3
8172.png,3
8173.png,3
8174.png,3
8175.png,3
8176.png,3
8177.png,3
8178.png,3
8179.png,3
8180.png,3
8181.png,3
8182.png,3
8183.png,3
8184.png,3
8185.png,3
8186.png,3
8187.png,3
8188.png,3
8189.png,3
8190.png,3
8191.png,3
8192.png,3
8193.png,3
8194.png,3
8195.png,3
8196.png,3
8197.png,3
8198.png,3
8199.png,3
8200.png,3
8201.png,3
8202.png,3
8203.png,3
8204.png,3
8205.png,3
8206.png,3
8207.png,3
8208.png,3
8209.png,3
8210.png,3
8211.png,3
8212.png,3
8213.png,3
8214.png,3
8215.png,3
8216.png,3
8217.png,3
8218.png,3
8219.png,3
8220.png,3
8221.png,3
8222.png,3
8223.png,3
8224.png,3
8225.png,3
8226.png,3
8227.png,3
8228.png,3
8229.png,3
8230.png,3
8231.png,3
8232.png,3
8233.png,3
8234.png,3
8235.png,3
8236.png,3
8237.png,3
8238.png,3
8239.png,3
8240.png,3
8241.png,3
8242.png,3
8243.png,3
8244.png,3
8245.png,3
8246.png,3
8247.png,3
8248.png,3
8249.png,3
8250.png,3
8251.png,3
8252.png,3
8253.png,3
8254.png,3
8255.png,3
8256.png,3
8257.png,3
8258.png,3
8259.png,3
8260.png,3
8261.png,3
8262.png,3
8263.png,3
8264.png,3
8265.png,3
8266.png,3
8267.png,3
8268.png,3
